{"reward": [21.26, 84.46, 266.58, 460.53, 469.49, 502.33, 491.24, 852.77, 541.39, 380.96], "total_loss": [41.94194793701172, 697171.6875, 8006.00927734375, 357.4182434082031, 344.34234619140625, 261.6456298828125, 746.3939208984375, 774.3671875, 116.57743835449219, 66.10342407226562], "spec": {"learning_freq": 4, "targert_function": "dqn_target", "target_update_freq": 10, "max_iter_eps": 10000}}