{"reward": [29.47, 303.66, 573.68, 516.89, 1111.18, 309.18, 495.79, 533.0, 402.55, 471.79], "total_loss": [0.29670289158821106, 0.5930317044258118, 17.699726104736328, 18.970903396606445, 46.6509895324707, 121.3370132446289, 140.70497131347656, 70.32100677490234, 137.7750244140625, 168.9395751953125], "spec": {"learning_freq": 8, "targert_function": "dqn_target", "target_update_freq": 200, "max_iter_eps": 5000}}