{"reward": [31.7, 233.49, 811.05, 828.74, 642.94, 473.03, 434.49, 340.63, 493.27, 440.67], "total_loss": [1289.6826171875, 51.332454681396484, 27.852272033691406, 128.48159790039062, 33.482242584228516, 19.09789276123047, 18.38067054748535, 21.43981170654297, 11.3912353515625, 5.750713348388672], "spec": {"learning_freq": 8, "targert_function": "ddqn_target", "target_update_freq": 10, "max_iter_eps": 5000}}