{"reward": [28.91, 248.63, 383.92, 293.15, 333.05, 301.14, 210.31, 155.89, 195.93, 177.31], "total_loss": [1.1023350954055786, 5.323824882507324, 5.268458366394043, 11.558755874633789, 8.906006813049316, 13.371977806091309, 13.401712417602539, 17.769594192504883, 18.51783561706543, 41.52131652832031], "spec": {"learning_freq": 4, "targert_function": "ddqn_target", "target_update_freq": 100, "max_iter_eps": 5000}}