{"reward": [22.92, 36.93, 119.11, 209.74, 754.01, 339.11, 355.27, 323.08, 283.07, 242.55], "total_loss": [89.39567565917969, 37454.984375, 2220.122314453125, 89.95731353759766, 22.09234619140625, 28.751083374023438, 26.13115692138672, 39.2701530456543, 20.918872833251953, 21.341623306274414], "spec": {"learning_freq": 1, "targert_function": "ddqn_target", "target_update_freq": 10, "max_iter_eps": 15000}}