{"reward": [23.35, 45.33, 136.94, 454.29, 441.88, 259.11, 281.71, 157.25, 302.82, 218.92], "total_loss": [0.22549697756767273, 1.036083698272705, 0.8097915053367615, 6.650659084320068, 14.277819633483887, 20.695724487304688, 8.828177452087402, 17.696979522705078, 16.187719345092773, 12.444087982177734], "spec": {"learning_freq": 1, "targert_function": "dqn_target", "target_update_freq": 200, "max_iter_eps": 10000}}