{"reward": [23.64, 28.28, 25.29, 81.24, 666.45, 418.4, 543.09, 260.2, 717.15, 190.88], "total_loss": [0.6831008195877075, 3.734147071838379, 11.959197044372559, 16.085613250732422, 10.326324462890625, 7.816751003265381, 2.824536085128784, 160.14573669433594, 3.721294641494751, 25.050609588623047], "spec": {"learning_freq": 4, "targert_function": "ddqn_target", "target_update_freq": 100, "max_iter_eps": 15000}}