{"reward": [23.07, 40.26, 131.06, 216.63, 586.98, 834.01, 306.07, 600.63, 388.54, 508.84], "total_loss": [0.21482636034488678, 1.0426745414733887, 1.512298583984375, 0.4198150634765625, 11.746047019958496, 12.781611442565918, 42.92424392700195, 13.014043807983398, 7.790041923522949, 103.40739440917969], "spec": {"learning_freq": 8, "targert_function": "dqn_target", "target_update_freq": 200, "max_iter_eps": 10000}}