{"reward": [21.96, 41.55, 116.77, 271.13, 522.83, 423.92, 368.14, 202.63, 199.08, 274.62], "total_loss": [0.40890762209892273, 2.8374886512756348, 1.1298903226852417, 3.7218551635742188, 2.9665257930755615, 12.417468070983887, 5.888556003570557, 19.337013244628906, 6.159554481506348, 13.388347625732422], "spec": {"learning_freq": 4, "targert_function": "ddqn_target", "target_update_freq": 100, "max_iter_eps": 10000}}