{"reward": [25.47, 32.1, 33.46, 95.29, 447.9, 178.37, 174.58, 209.92, 206.62, 138.45], "total_loss": [0.20579765737056732, 0.4875015318393707, 1.0770589113235474, 7.54158878326416, 2.3228442668914795, 13.999670028686523, 10.922982215881348, 10.717463493347168, 3.610135793685913, 6.512195587158203], "spec": {"learning_freq": 1, "targert_function": "ddqn_target", "target_update_freq": 200, "max_iter_eps": 15000}}