{"reward": [28.39, 417.35, 372.08, 147.01, 404.04, 523.52, 429.57, 337.03, 467.51, 425.53], "total_loss": [991.60595703125, 31.709199905395508, 218.20245361328125, 109159072.0, 495.8429260253906, 1724.36669921875, 1147.309326171875, 2086.336181640625, 228.9385223388672, 105.41765594482422], "spec": {"learning_freq": 1, "targert_function": "ddqn_target", "target_update_freq": 10, "max_iter_eps": 5000}}