{"reward": [31.17, 360.27, 799.43, 332.66, 263.23, 205.06, 239.72, 191.86, 289.59, 222.44], "total_loss": [0.7992836236953735, 0.6354128122329712, 7.7787184715271, 14.512904167175293, 32.828765869140625, 18.095239639282227, 23.26105499267578, 21.30341148376465, 14.766117095947266, 10.575139999389648], "spec": {"learning_freq": 1, "targert_function": "dqn_target", "target_update_freq": 100, "max_iter_eps": 5000}}