{"reward": [22.64, 27.79, 35.75, 85.36, 728.11, 360.5, 668.81, 535.04, 604.64, 871.73], "total_loss": [0.49032366275787354, 4.103026866912842, 6.082777500152588, 9.661822319030762, 8.272748947143555, 8.085482597351074, 5.6479692459106445, 25.17168426513672, 33.67873001098633, 24.638689041137695], "spec": {"learning_freq": 8, "targert_function": "dqn_target", "target_update_freq": 100, "max_iter_eps": 15000}}