{"reward": [24.94, 31.61, 145.33, 176.77, 446.82, 595.34, 361.65, 353.69, 192.67, 233.32], "total_loss": [110.94691467285156, 44848.5859375, 8279.12890625, 38.083805084228516, 19.021690368652344, 19.37564468383789, 30.26992416381836, 20.437175750732422, 59.108280181884766, 34.5995979309082], "spec": {"learning_freq": 1, "targert_function": "dqn_target", "target_update_freq": 10, "max_iter_eps": 15000}}