{"reward": [29.58, 155.98, 467.35, 728.88, 277.48, 285.63, 558.22, 394.31, 416.28, 389.96], "total_loss": [0.3143172264099121, 0.6344408988952637, 5.780126571655273, 8.919337272644043, 11.876736640930176, 25.816810607910156, 15.645705223083496, 9.383907318115234, 12.036493301391602, 8.205070495605469], "spec": {"learning_freq": 1, "targert_function": "dqn_target", "target_update_freq": 200, "max_iter_eps": 5000}}