{"reward": [27.63, 152.83, 424.58, 397.66, 568.2, 573.19, 370.92, 461.17, 513.22, 706.22], "total_loss": [0.2086796909570694, 0.41590335965156555, 4.717957973480225, 49.92112731933594, 8.616930961608887, 15.1310453414917, 110.87950134277344, 140.34197998046875, 66.17400360107422, 8.145414352416992], "spec": {"learning_freq": 1, "targert_function": "ddqn_target", "target_update_freq": 200, "max_iter_eps": 5000}}