{"reward": [23.03, 30.47, 34.52, 90.31, 481.48, 488.66, 293.59, 409.74, 261.16, 142.99], "total_loss": [0.332814484834671, 2.459052801132202, 11.592604637145996, 31.72286605834961, 6.399196147918701, 13.124338150024414, 12.372424125671387, 20.36438751220703, 10.538324356079102, 9.703089714050293], "spec": {"learning_freq": 1, "targert_function": "ddqn_target", "target_update_freq": 100, "max_iter_eps": 15000}}