{"reward": [23.79, 270.59, 646.55, 628.75, 571.02, 350.81, 390.38, 354.12, 371.87, 351.81], "total_loss": [142.12327575683594, 1716.2762451171875, 86.98775482177734, 38.31744384765625, 28.449687957763672, 72.92237854003906, 32.6646842956543, 64.1587905883789, 11.331151008605957, 13.417410850524902], "spec": {"learning_freq": 8, "targert_function": "dqn_target", "target_update_freq": 10, "max_iter_eps": 5000}}