{"reward": [23.49, 43.65, 281.92, 403.48, 399.02, 316.27, 283.68, 464.63, 315.91, 222.17], "total_loss": [0.39144599437713623, 4.194994926452637, 2.240309000015259, 16.746152877807617, 10.836514472961426, 19.6372013092041, 8.38824462890625, 13.7535982131958, 26.32965660095215, 12.05300521850586], "spec": {"learning_freq": 4, "targert_function": "dqn_target", "target_update_freq": 100, "max_iter_eps": 10000}}