{"reward": [25.13, 331.73, 478.87, 446.38, 223.69, 232.41, 97.83, 168.81, 139.99, 228.63], "total_loss": [0.7068417072296143, 1.4826686382293701, 114.29132843017578, 11.06115436553955, 20.262561798095703, 16.862863540649414, 20.306453704833984, 10.573153495788574, 14.453605651855469, 14.907198905944824], "spec": {"learning_freq": 8, "targert_function": "ddqn_target", "target_update_freq": 100, "max_iter_eps": 5000}}