{"reward": [21.8, 63.86, 433.98, 653.36, 762.02, 588.46, 653.91, 588.39, 843.96, 761.38], "total_loss": [57.22553634643555, 85820.640625, 94.10758972167969, 150.0666961669922, 76.47885131835938, 48.386043548583984, 12.465481758117676, 12.18971061706543, 40.71421813964844, 16.11919403076172], "spec": {"learning_freq": 1, "targert_function": "dqn_target", "target_update_freq": 10, "max_iter_eps": 10000}}