{"reward": [23.47, 27.06, 32.2, 50.85, 100.66, 425.5, 282.0, 286.05, 269.76, 269.53], "total_loss": [0.3831964135169983, 3.570207118988037, 7.729084491729736, 17.089811325073242, 4.74538516998291, 15.303855895996094, 23.109142303466797, 21.081619262695312, 10.61182975769043, 13.523249626159668], "spec": {"learning_freq": 4, "targert_function": "dqn_target", "target_update_freq": 100, "max_iter_eps": 15000}}