{"reward": [22.77, 105.5, 364.67, 204.35, 156.33, 234.56, 131.97, 255.34, 182.93, 141.17], "total_loss": [0.13825483620166779, 1.291943073272705, 2.8329174518585205, 6.185638427734375, 14.97374153137207, 6.8108015060424805, 6.751341342926025, 12.259793281555176, 14.722931861877441, 6.762786865234375], "spec": {"learning_freq": 4, "targert_function": "ddqn_target", "target_update_freq": 200, "max_iter_eps": 5000}}