{"reward": [24.92, 120.85, 221.66, 677.0, 478.6, 425.35, 427.65, 375.29, 370.84, 254.23], "total_loss": [193.22825622558594, 3932.94677734375, 104454.3515625, 523.2941284179688, 84.287109375, 37.00383377075195, 37.28120422363281, 20.668630599975586, 13.194499969482422, 27.143003463745117], "spec": {"learning_freq": 4, "targert_function": "ddqn_target", "target_update_freq": 10, "max_iter_eps": 10000}}