{"reward": [25.33, 35.9, 183.84, 609.97, 617.18, 309.33, 99.16, 47.35, 35.64, 34.64], "total_loss": [201.2851104736328, 75909.4453125, 3316.137451171875, 64.9769058227539, 60.91880416870117, 1276209.125, 6924.3720703125, 3167.666259765625, 9140.7314453125, 92457.09375], "spec": {"learning_freq": 8, "targert_function": "ddqn_target", "target_update_freq": 10, "max_iter_eps": 15000}}