{"reward": [22.0, 30.51, 35.51, 76.72, 189.47, 760.91, 522.06, 150.15, 398.8, 223.65], "total_loss": [0.14327646791934967, 0.6131809949874878, 1.4702366590499878, 7.621748447418213, 3.9335761070251465, 20.228185653686523, 8.633036613464355, 56.569557189941406, 38.35609817504883, 80.0943603515625], "spec": {"learning_freq": 4, "targert_function": "dqn_target", "target_update_freq": 200, "max_iter_eps": 15000}}