{"reward": [25.05, 105.83, 380.02, 405.6, 227.93, 187.0, 227.36, 219.73, 252.27, 180.8], "total_loss": [0.18806566298007965, 1.244389295578003, 1.7107948064804077, 7.147468090057373, 23.118452072143555, 29.72509765625, 5.631525039672852, 24.92841148376465, 10.106660842895508, 21.224916458129883], "spec": {"learning_freq": 4, "targert_function": "dqn_target", "target_update_freq": 200, "max_iter_eps": 5000}}