{"reward": [23.24, 30.17, 33.75, 72.25, 471.91, 175.23, 219.77, 173.81, 270.66, 270.11], "total_loss": [0.1620713472366333, 0.431499719619751, 2.2303409576416016, 7.039804458618164, 6.414475917816162, 12.017765045166016, 9.409320831298828, 13.331525802612305, 23.600784301757812, 6.23661994934082], "spec": {"learning_freq": 4, "targert_function": "ddqn_target", "target_update_freq": 200, "max_iter_eps": 15000}}