{"reward": [23.03, 33.56, 119.35, 185.98, 650.76, 633.86, 324.32, 308.17, 253.85, 205.81], "total_loss": [79.43925476074219, 33128.5234375, 7250.798828125, 20.5589542388916, 27.00836944580078, 51.480350494384766, 29.72631072998047, 11.097555160522461, 20.903587341308594, 19.941608428955078], "spec": {"learning_freq": 8, "targert_function": "dqn_target", "target_update_freq": 10, "max_iter_eps": 15000}}