{"reward": [21.38, 27.54, 35.7, 63.32, 442.8, 363.79, 424.22, 401.05, 302.85, 178.73], "total_loss": [0.3392047882080078, 15.72693157196045, 19.813283920288086, 36.866031646728516, 7.353553295135498, 100.34341430664062, 42.393917083740234, 63.3173828125, 9.96670150756836, 38.264915466308594], "spec": {"learning_freq": 1, "targert_function": "dqn_target", "target_update_freq": 100, "max_iter_eps": 15000}}