{"reward": [23.07, 339.79, 270.78, 12.88, 79.92, 116.02, 144.6, 167.97, 336.43, 595.22], "total_loss": [61.39316940307617, 13.526524543762207, 4181582592.0, 3088047360.0, 52650968.0, 25811.001953125, 6488.70458984375, 1837.42333984375, 1772.66552734375, 13834.1923828125], "spec": {"learning_freq": 4, "targert_function": "dqn_target", "target_update_freq": 10, "max_iter_eps": 5000}}