{"reward": [21.51, 37.04, 91.19, 315.34, 358.12, 277.26, 190.44, 239.52, 243.32, 190.2], "total_loss": [0.1874072402715683, 0.9375984072685242, 4.8854146003723145, 1.2539756298065186, 9.889217376708984, 5.999510288238525, 10.203346252441406, 21.320899963378906, 21.942506790161133, 20.299924850463867], "spec": {"learning_freq": 4, "targert_function": "ddqn_target", "target_update_freq": 200, "max_iter_eps": 10000}}