{"reward": [25.36, 79.55, 290.43, 246.66, 609.83, 394.36, 481.6, 202.61, 342.29, 181.31], "total_loss": [224.1537322998047, 465130.09375, 5538.357421875, 3436.552734375, 122557.4375, 8231.3935546875, 68639400.0, 8784.37109375, 500033.6875, 26737.998046875], "spec": {"learning_freq": 1, "targert_function": "ddqn_target", "target_update_freq": 10, "max_iter_eps": 10000}}