{"reward": [20.56, 41.12, 149.93, 441.37, 408.91, 233.48, 157.67, 222.98, 98.82, 118.64], "total_loss": [0.13394780457019806, 0.9112568497657776, 0.858672022819519, 6.633279323577881, 12.865723609924316, 9.870107650756836, 33.594078063964844, 10.381190299987793, 6.900457382202148, 9.023863792419434], "spec": {"learning_freq": 1, "targert_function": "ddqn_target", "target_update_freq": 200, "max_iter_eps": 10000}}