{"reward": [22.33, 27.18, 38.89, 56.9, 235.2, 303.52, 274.57, 293.28, 209.54, 257.78], "total_loss": [0.1389869898557663, 0.5878179669380188, 2.2856545448303223, 5.274599075317383, 1.5316826105117798, 15.474405288696289, 8.370347023010254, 11.274299621582031, 14.748217582702637, 9.950658798217773], "spec": {"learning_freq": 8, "targert_function": "ddqn_target", "target_update_freq": 200, "max_iter_eps": 15000}}