{"reward": [27.41, 115.54, 217.82, 669.46, 312.62, 304.76, 423.31, 175.08, 121.47, 166.39], "total_loss": [0.2655891180038452, 0.6259176731109619, 1.5837337970733643, 8.462689399719238, 11.56890869140625, 32.12709045410156, 7.937513828277588, 8.304874420166016, 10.824468612670898, 11.473431587219238], "spec": {"learning_freq": 8, "targert_function": "ddqn_target", "target_update_freq": 200, "max_iter_eps": 5000}}