{"reward": [23.94, 34.1, 82.45, 415.23, 304.65, 243.47, 172.97, 149.36, 196.53, 86.83], "total_loss": [0.16047558188438416, 0.8690229654312134, 1.6056588888168335, 2.06516170501709, 5.69944953918457, 7.367469310760498, 10.03535270690918, 11.287749290466309, 18.346250534057617, 14.00317668914795], "spec": {"learning_freq": 8, "targert_function": "ddqn_target", "target_update_freq": 200, "max_iter_eps": 10000}}