{"reward": [21.17, 39.52, 376.3, 828.03, 451.11, 636.04, 581.01, 273.61, 323.51, 236.29], "total_loss": [0.2562985122203827, 2.263192653656006, 6.690845966339111, 11.056922912597656, 16.34087371826172, 7.542805194854736, 5.262650012969971, 16.806589126586914, 30.335939407348633, 12.267500877380371], "spec": {"learning_freq": 8, "targert_function": "dqn_target", "target_update_freq": 100, "max_iter_eps": 10000}}