{"reward": [25.56, 81.74, 785.68, 586.28, 396.17, 383.75, 867.7, 959.18, 747.12, 553.23], "total_loss": [79.23113250732422, 21032.884765625, 295.7546081542969, 73.21847534179688, 193.5236358642578, 311.63690185546875, 16.435060501098633, 34.432289123535156, 8.70919418334961, 23.80453872680664], "spec": {"learning_freq": 8, "targert_function": "dqn_target", "target_update_freq": 10, "max_iter_eps": 10000}}