{"reward": [26.87, 299.45, 722.06, 356.12, 306.36, 242.69, 296.33, 404.59, 225.5, 270.87], "total_loss": [0.664882481098175, 0.3550194799900055, 13.752942085266113, 50.74626541137695, 23.96385955810547, 13.054862022399902, 28.33587646484375, 22.348342895507812, 13.309844970703125, 10.699112892150879], "spec": {"learning_freq": 8, "targert_function": "dqn_target", "target_update_freq": 100, "max_iter_eps": 5000}}