{"reward": [23.75, 43.14, 117.53, 755.91, 586.72, 374.32, 180.65, 513.24, 477.14, 260.15], "total_loss": [0.6590225696563721, 7.538070201873779, 6.82415771484375, 16.93168830871582, 23.921506881713867, 274.28485107421875, 58.495452880859375, 22.120582580566406, 15.8944730758667, 19.63576316833496], "spec": {"learning_freq": 1, "targert_function": "dqn_target", "target_update_freq": 100, "max_iter_eps": 10000}}