{"reward": [20.12, 32.01, 52.12, 127.75, 334.9, 755.75, 140.31, 443.45, 316.1, 92.35], "total_loss": [0.11636686325073242, 0.5430415868759155, 2.687142848968506, 1.2562718391418457, 14.391922950744629, 7.200973033905029, 30.536724090576172, 31.168289184570312, 6.8136115074157715, 37.22831726074219], "spec": {"learning_freq": 8, "targert_function": "dqn_target", "target_update_freq": 200, "max_iter_eps": 15000}}