{"reward": [26.56, 39.85, 201.14, 254.05, 292.91, 318.23, 183.3, 201.73, 243.51, 181.63], "total_loss": [178.74147033691406, 72711.4921875, 1944.02880859375, 142.3933868408203, 47.08084487915039, 15.559170722961426, 10.866860389709473, 84.37603759765625, 35.63398742675781, 12.139920234680176], "spec": {"learning_freq": 4, "targert_function": "ddqn_target", "target_update_freq": 10, "max_iter_eps": 15000}}