{"reward": [24.85, 33.01, 35.41, 77.68, 393.66, 598.31, 258.54, 237.46, 287.29, 208.26], "total_loss": [0.5218175649642944, 4.137826919555664, 6.071418285369873, 9.788058280944824, 11.616564750671387, 12.086045265197754, 21.79802703857422, 17.208982467651367, 21.286867141723633, 6.427150726318359], "spec": {"learning_freq": 8, "targert_function": "ddqn_target", "target_update_freq": 100, "max_iter_eps": 15000}}