{"reward": [25.66, 483.87, 381.14, 653.91, 220.21, 211.19, 386.92, 293.55, 240.23, 421.57], "total_loss": [211.24095153808594, 297.84197998046875, 958.8018798828125, 106.72129821777344, 1931.28564453125, 39.8707160949707, 113201.2578125, 3926.509765625, 254.22354125976562, 188.74546813964844], "spec": {"learning_freq": 4, "targert_function": "ddqn_target", "target_update_freq": 10, "max_iter_eps": 5000}}