{"reward": [24.36, 266.65, 566.69, 794.53, 590.91, 729.07, 457.44, 474.36, 697.04, 457.42], "total_loss": [0.4605688750743866, 4.410093784332275, 6.3145294189453125, 10.505230903625488, 20.837646484375, 110.55912780761719, 194.3912353515625, 140.5124969482422, 585.2286987304688, 54.32411193847656], "spec": {"learning_freq": 4, "targert_function": "dqn_target", "target_update_freq": 100, "max_iter_eps": 5000}}