{"reward": [22.27, 27.3, 117.49, 319.19, 577.61, 527.17, 9.88, 20.66, 77.47, 49.95], "total_loss": [47.593177795410156, 21962.8359375, 53275.82421875, 30.603809356689453, 120.5020523071289, 1144820608.0, 13549737984.0, 2886412800.0, 12790167.0, 4133795.25], "spec": {"learning_freq": 4, "targert_function": "dqn_target", "target_update_freq": 10, "max_iter_eps": 15000}}