{"reward": [23.74, 50.63, 331.59, 334.58, 243.49, 135.61, 189.58, 158.61, 86.99, 200.58], "total_loss": [0.507226824760437, 4.137067794799805, 3.938511371612549, 22.51537322998047, 10.658295631408691, 12.827369689941406, 6.76422119140625, 16.102420806884766, 16.592893600463867, 6.959238052368164], "spec": {"learning_freq": 1, "targert_function": "ddqn_target", "target_update_freq": 100, "max_iter_eps": 10000}}