{"reward": [22.03, 32.01, 39.05, 146.36, 594.66, 291.71, 256.15, 393.81, 191.17, 217.57], "total_loss": [0.15954943001270294, 0.6014124155044556, 1.9458246231079102, 0.5275432467460632, 16.487594604492188, 22.094091415405273, 4.857649326324463, 15.984526634216309, 86.45712280273438, 106.21963500976562], "spec": {"learning_freq": 1, "targert_function": "dqn_target", "target_update_freq": 200, "max_iter_eps": 15000}}