{"reward": [26.18, 487.64, 547.77, 338.6, 365.69, 246.81, 281.33, 255.34, 233.1, 220.78], "total_loss": [239.3464813232422, 133.50775146484375, 20.792097091674805, 10.211316108703613, 27.76900863647461, 16.73523712158203, 11.804588317871094, 10.406364440917969, 10.630804061889648, 17.375995635986328], "spec": {"learning_freq": 1, "targert_function": "dqn_target", "target_update_freq": 10, "max_iter_eps": 5000}}