{"reward": [25.44, 35.21, 106.39, 314.41, 647.8, 399.35, 234.0, 130.26, 179.75, 188.88], "total_loss": [0.5328922867774963, 4.535518646240234, 2.6858348846435547, 8.693134307861328, 14.890707969665527, 9.515273094177246, 16.14570426940918, 20.867612838745117, 10.5486478805542, 11.997319221496582], "spec": {"learning_freq": 8, "targert_function": "ddqn_target", "target_update_freq": 100, "max_iter_eps": 10000}}