{"reward": [27.7, 224.39, 409.74, 622.12, 404.1, 374.22, 218.1, 120.3, 293.08, 328.32], "total_loss": [0.6606746912002563, 0.6368975639343262, 8.27550983428955, 14.6432466506958, 15.090676307678223, 9.412834167480469, 18.538408279418945, 22.94378662109375, 53.96976089477539, 7.393977165222168], "spec": {"learning_freq": 1, "targert_function": "ddqn_target", "target_update_freq": 100, "max_iter_eps": 5000}}