{"reward": [23.87, 31.16, 118.06, 587.36, 227.02, 161.7, 368.16, 190.34, 193.03, 204.66], "total_loss": [0.14178062975406647, 0.9667708873748779, 1.7863621711730957, 3.1980702877044678, 13.147314071655273, 16.283374786376953, 7.582948207855225, 9.635780334472656, 33.77155303955078, 20.828956604003906], "spec": {"learning_freq": 4, "targert_function": "dqn_target", "target_update_freq": 200, "max_iter_eps": 10000}}