{"reward": [20.82, 70.22, 559.22, 1014.32, 537.8, 383.61, 301.72, 289.73, 281.96, 455.57], "total_loss": [39.254066467285156, 40663.3671875, 72.33758544921875, 58.84880447387695, 27.2520809173584, 24.921493530273438, 34.510921478271484, 24.163734436035156, 40.1460075378418, 10735478.0], "spec": {"learning_freq": 8, "targert_function": "ddqn_target", "target_update_freq": 10, "max_iter_eps": 10000}}